Name,Location,Website
WebFX,"Harrisburg, PA",https://webfx.com/lp/digital-marketing-services/?utm_source=clutch.co&utm_medium=referral&utm_campaign=agencies-digital-marketing
Ignite Visibility,"San Diego, CA",https://ignitevisibility.com/?utm_source=clutch.co&utm_medium=referral&utm_campaign=agencies-digital-marketing
Intero Digital,"Greenwood Village, CO",https://www.interodigital.com/meet-intero-digital-landing/?utm_source=clutch.co&utm_medium=referral&utm_campaign=digital-marketing
SmartSites,"Paramus, NJ",https://www.smartsites.com/lp/digital-marketing-lp/?utm_source=clutch.co&utm_medium=referral&utm_campaign=agencies-digital-marketing
Lilo Social,"Brooklyn, NY",https://lilosocial.com/?utm_source=clutch.co&utm_medium=referral&utm_campaign=agencies-digital-marketing
Power Digital,"San Diego, CA",https://powerdigitalmarketing.com/services/?utm_medium=clutch&utm_campaign=agencies-digital-marketing
Uplers,"Surry Hills, Australia",https://www.uplers.com/digital-outsourcing-company/?utm_source=Clutch_Digital_Marketing&utm_medium=Clutch_Digital_Marketing&utm_campaign=Directory_Listing
SeedX Inc.,"Los Angeles, CA",https://seedx.us/?utm_source=clutch.co&utm_medium=referral&utm_campaign=agencies-digital-marketing
Daniel Brian Advertising,"Rochester, MI",https://danielbrian.com/contact-us/?utm_source=clutch.co&utm_medium=referral&utm_campaign=agencies-digital-marketing
Sagefrog Marketing Group,"Doylestown, PA",https://sagefrog.com/?utm_source=clutch.co&utm_medium=referral&utm_campaign=agencies-digital-marketing
Disruptive Advertising,"Pleasant Grove, UT",https://disruptiveadvertising.com/?utm_source=clutch.co&utm_campaign=best-digital-agency&utm_medium=sponsoredlistings
Thrive Internet Marketing Agency,"Dallas, TX",https://thriveagency.com/?utm_source=clutch.co&utm_medium=referral&utm_campaign=agencies-digital-marketing
Funnel Boost Media,"San Antonio, TX",https://funnelboostmedia.net/clutch/?utm_source=clutch.co&utm_medium=referral&utm_campaign=agencies-digital-marketing
UO Solutions,"Miami, FL",https://uosolutions.com/?utm_source=clutch.co&utm_medium=referral&utm_campaign=agencies-digital-marketing
Climb Online,"London, United Kingdom",https://climb.online/?utm_source=clutch.co&utm_medium=referral&utm_campaign=directory
Big Leap,"Lehi, UT",https://www.bigleap.com/?utm_medium=referral&utm_source=clutch&utm_campaign=digitalmarketing
Mad Fish Digital,"Portland, OR",https://www.madfishdigital.com/?utm_source=clutch.co&utm_medium=referral&utm_campaign=agencies-digital-marketing
Razor Rank,"Dallas, TX",https://razorrank.com/?utm_source=clutch.co&utm_medium=referral&utm_campaign=agencies-digital-marketing
Delante,"Kraków, Poland",https://delante.co/?utm_source=clutch&utm_medium=profil&utm_campaign=marketplace-campaign
Victorious,"San Francisco, CA",https://victoriousseo.com/services/?utm_campaign=Referral%20Sites&utm_source=clutch&utm_medium=digital-marketing-agencies
Coast Digital,"San Diego, CA",https://www.growwithcoast.com/?utm_source=clutch.co&utm_medium=referral&utm_campaign=directory
Ai Media Group,"New York, NY",https://aimediagroup.aiproxies.com/notrk/?rdr=https://www.aimediagroup.com/book-your-free-audit-2/?_aiid=15133&teng=cl&beng=g&utm_source=clutch&utm_medium=cpc&utm_campaign=aimg_clutch
"Kanbar Digital, LLC","San Diego, CA",https://kanbardigital.com/?utm_source=clutch.co&utm_medium=referral&utm_campaign=agencies-digital-marketing
Impactable,"San Antonio, TX",https://impactable.com/paid-ads/?utm_source=clutch.co&utm_medium=referral&utm_campaign=agencies-digital-marketing
Altura Interactive,"Xalapa-Enríquez, Mexico",https://alturainteractive.com/?utm_source=clutch.co&utm_medium=referral&utm_campaign=agencies-digital-marketing
Fruition,"Denver, CO",https://fruition.net/services/digital-marketing/?utm_source=clutch.co&utm_medium=referral&utm_campaign=agencies-digital-marketing
Foreignerds INC.,"Newark, DE",https://foreignerds.com/?utm_source=clutch.co&utm_medium=referral&utm_campaign=agencies-digital-marketing
Hotspex Media,"Toronto, Canada",https://hotspexmedia.com/services/digital-advertising/?utm_source=clutch.co&utm_medium=referral&utm_campaign=agencies-digital-marketing
Greenflag media,"Columbia, MD",https://www.greenflagmedia.co/?utm_source=clutch.co&utm_medium=referral&utm_campaign=directory
Pyxl,"Nashville, TN",https://pyxl.com/?utm_source=clutch.co&utm_medium=referral&utm_campaign=directory
Coders.Dev,"London, United Kingdom",https://coders.dev/?utm_source=clutch.co&utm_medium=referral&utm_campaign=agencies-digital-marketing
yellowHEAD,"Ga'ash, Israel",https://yellowhead.com/?utm_source=clutch.co&utm_medium=referral&utm_campaign=agencies-digital-marketing
Fortunatos,"Zaporizhzhia, Ukraine",https://fortunatos.io/?utm_source=clutch.co&utm_medium=referral&utm_campaign=agencies-digital-marketing
Promodo,"Kharkiv, Ukraine",https://promodo.com/?utm_source=clutch.co&utm_medium=referral&utm_campaign=agencies-digital-marketing
Avalaunch Media,"Lehi, UT",https://avalaunchmedia.com/?utm_source=clutch.co&utm_medium=referral&utm_campaign=agencies-digital-marketing
UAATEAM,"Kharkiv, Ukraine",https://uaateam.digital/?utm_source=clutch.co&utm_medium=referral&utm_campaign=agencies-digital-marketing
Social Driver,"Washington, DC",http://www.socialdriver.com/?utm_source=clutch.co&utm_medium=referral&utm_campaign=directory
Developers Dev,"San Jose, CA",https://www.developers.dev/?utm_source=clutch.co&utm_medium=referral&utm_campaign=directory
Rocket Clicks,"Menomonee Falls, WI",https://rocketclicks.com/?utm_source=clutch.co&utm_medium=referral&utm_campaign=agencies-digital-marketing
Respect.Studio,"L'viv, Ukraine",https://respect.studio/?utm_source=clutch.co&utm_medium=referral&utm_campaign=agencies-digital-marketing
Martal Group,"Oakville, Canada",https://martal.ca/?utm_source=clutch.co&utm_medium=referral&utm_campaign=agencies-digital-marketing
Hunter Digital,"New York, NY",https://hunterdigitalmarketing.com/?utm_source=clutch.co&utm_medium=referral&utm_campaign=digital-marketing
DigitInk,"Sofia, Bulgaria",https://digitinkagency.com/?utm_source=clutch.co&utm_medium=referral&utm_campaign=agencies-digital-marketing
Fresh Content Society,"Northfield, IL",https://freshcontentsociety.com/?utm_source=clutch.co&utm_medium=referral&utm_campaign=agencies-digital-marketing
3 Media Web,"Marlborough, MA",https://www.3mediaweb.com/contact/?utm_source=clutch.co&utm_medium=referral
Beacon Digital Marketing,"Beacon, NY",https://www.beacondigitalmarketing.com/?utm_source=clutch.co&utm_medium=referral&utm_campaign=agencies-digital-marketing
Funel,"London, United Kingdom",https://funel.io/?utm_source=clutch.co&utm_medium=referral&utm_campaign=agencies-digital-marketing
SCUBE Marketing,"Chicago, IL",https://www.scubemarketing.com/?utm_source=clutch.co&utm_medium=referral&utm_campaign=agencies-digital-marketing
DigiNimbus,"Sahibzada Ajit Singh Nagar, India",http://www.diginimbus.in/
Harvest Growth,"Centennial, CO",https://www.harvestgrowth.com/cl-best-digital/?utm_source=clutch.co&utm_medium=referral&utm_campaign=agencies-digital-marketing
Mamba SEO Agency,Singapore,https://www.mamba.agency/seo?utm_source=clutch.co&utm_medium=referral&utm_campaign=directory
ENDURANCE,"Chandler, AZ",https://thinkendurance.com/?utm_source=clutch.co&utm_medium=referral&utm_campaign=agencies-digital-marketing
"Cozy Design, Inc.","San Diego, CA",https://www.cozydesign.com/?utm_source=clutch.co&utm_medium=referral&utm_campaign=agencies-digital-marketing
Bluetext,"Washington, DC",https://www.bluetext.com/?utm_source=clutch.co&utm_medium=referral&utm_campaign=agencies-digital-marketing
Aspire Marketing Group,"Pittsburgh, PA",https://www.aspiremarketing.group/?utm_source=clutch.co&utm_medium=referral&utm_campaign=agencies-digital-marketing
Grafik Marketing Communications,"Alexandria, VA",https://grafik.agency/?utm_source=clutch.co&utm_medium=referral&utm_campaign=digital-marketing
Webhoster.ca,"Toronto, Canada",https://webhoster.ca/contact-us/?utm_source=clutch.co&utm_medium=referral&utm_campaign=directory
IOI Solutions,"Santa Monica, CA",https://ioisolutions.com/?utm_source=clutch.co&utm_medium=referral&utm_campaign=directory
Netpeak,"Odesa, Ukraine",https://netpeak.us/?utm_source=clutch.co&utm_medium=referral&utm_campaign=agencies-digital-marketing
ROAST,"London, United Kingdom",http://weareroast.com/?utm_source=clutch.co&utm_medium=referral&utm_campaign=directory
Volume Nine,"Denver, CO",https://www.v9digital.com/?utm_source=clutch.co&utm_medium=referral&utm_campaign=clutch
Gigde,"Noida, India",https://gigde.com/?utm_source=clutch.co&utm_medium=referral&utm_campaign=in-agencies-digital-marketing
ROI Minds,"Sahibzada Ajit Singh Nagar, India",https://roiminds.com/?utm_source=clutch.co&utm_medium=referral&utm_campaign=directory
Jives Media,"San Francisco, CA",http://www.jivesmedia.com/?utm_source=clutch.co&utm_medium=referral&utm_campaign=directory
DMi Partners,"Philadelphia, PA",https://www.dmipartners.com/?utm_source=clutch.co&utm_medium=referral
Titan Growth,"San Diego, CA",https://www.titangrowth.com/more-traffic-more-leads-more-revenue/?utm_source=clutch.co&utm_medium=referral&utm_campaign=titan-growth-profile
AdVenture Media Group,"Woodmere, NY",http://adventureppc.com/?utm_source=clutch.co&utm_medium=referral
Straight North,"Chicago, IL",https://www.straightnorth.com/?sncid=2&utm_source=clutch&utm_medium=referral&utm_campaign=digital-marketing
Searchbloom,"Draper, UT",https://www.searchbloom.com/?utm_source=clutch.co&utm_medium=referral&utm_campaign=digital-marketing
KlientBoost,"Costa Mesa, CA",https://klientboost.com/results/?utm_source=clutch.co&utm_medium=referral
Siege Media,"Austin, TX",https://www.siegemedia.com/services/content-marketing?utm_source=clutch.co&utm_medium=referral
Passion Digital Ltd.,"London, United Kingdom",https://passion.digital/contact/?utm_source=clutch.co&utm_medium=referral&utm_campaign=directory
Social Media 55,"Montreal, Canada",https://www.socialmedia55.com/?utm_source=clutch.co&utm_medium=referral&utm_campaign=directory
eAccountable,"Denver, CO",https://www.eaccountable.com/
Socium Media,"New York, NY",https://www.sociummedia.com/?utm_source=clutch.co&utm_medium=referral&utm_campaign=profileclick
R17 Ventures AG,"Zürich, Switzerland",https://www.r17ventures.com/?utm_source=clutch.co&utm_medium=referral&utm_campaign=directory
VisualFizz,"Chicago, IL",http://www.visualfizz.com/?utm_source=clutch.co&utm_medium=referral
Rocket Agency,"Surry Hills, Australia",https://www.rocketagency.com.au/?utm_source=clutch.co&utm_medium=referral&utm_campaign=directory
ATRIUM,"Edmonton, Canada",https://atriumdigital.com/top-agency-on-clutch-lp?utm_source=clutch.co&utm_medium=referral&utm_campaign=directory
SQ Digital,"Lancaster , United Kingdom",https://www.sqdigital.co.uk/?utm_source=clutch.co&utm_medium=referral&utm_campaign=directory
Online Marketing Gurus,"Dallas, TX",https://www.onlinemarketinggurus.com/?utm_source=clutch&utm_medium=organic&utm_campaign=awareness_global&utm_term=best_digital_marketing_agencies&utm_content=review
AdToro,"Atlanta, GA",http://adtoroagency.com/?utm_source=clutch.co&utm_medium=referral&utm_campaign=directory-clutch
Flying V Group,"Irvine, CA",https://www.flyingvgroup.com/?utm_source=clutch.co&utm_medium=referral&utm_campaign=directory
Primal Digital Agency,"Bangkok, Thailand",https://www.primal.co.th/?utm_source=clutch.co&utm_medium=referral&utm_campaign=directory
WrightIMC,"Allen, TX",http://www.wrightimc.com/?utm_source=clutch.co&utm_medium=referral&utm_campaign=directory
Chatterkick,"Sioux City, IA",http://chatterkick.com/?utm_source=clutch.co&utm_medium=referral&utm_campaign=directory
Impressive,"Austin, TX",https://www.impressivedigital.com/?utm_source=clutch.co&utm_medium=referral&utm_campaign=referral
Digital Position,"Simsbury, CT",https://www.digitalposition.com/?utm_source=clutch.co&utm_medium=referral&utm_campaign=directory
Brafton,"Boston, MA",http://www.brafton.com/?utm_source=clutch.co&utm_medium=referral&utm_campaign=directory
Perfect Search Media,"Vernon Hills, IL",http://www.perfectsearchmedia.com/?utm_source=clutch.co&utm_medium=referral&utm_campaign=digital-marketing-agencies
Flycast Media,"London, United Kingdom",https://www.flycastmedia.co.uk/?utm_source=clutch.co&utm_medium=referral
NowSourcing,"Louisville, KY",https://nowsourcing.com/?utm_source=clutch.co&utm_medium=referral&utm_campaign=directory
Search Engine People,"Pickering, Canada",https://www.searchenginepeople.com/?utm_source=clutch.co&utm_medium=referral&utm_campaign=directory
Joseph Studios,"Atlanta, GA",https://josephstudios.net/?utm_source=clutch.co&utm_medium=referral&utm_campaign=agencies-digital-marketing
WebMechanix,"Columbia, MD",https://www.webmechanix.com/?utm_source=clutch.co&utm_medium=referral&utm_content=profile
Surge Marketing,"Los Angeles, CA",https://surgemarketing.com/clutch-top-rated-ppc-agency/?utm_source=clutch.co&utm_medium=referral&utm_campaign=agencies-digital-marketing
CASP MEDIA,"Miami, FL",https://caspmedia.com/digital-marketing-agency
Moburst,"New York, NY",http://moburst.com/?utm_source=clutch.co&utm_medium=referral
PBJ Marketing,"Washington, DC",https://pbjmarketing.com/?utm_source=clutch&utm_medium=referral
Top Growth Marketing,"Los Angeles, CA",https://topgrowthmarketing.com/
seoplus+,"Ottawa, Canada",https://seoplus.com/
KeyScouts,"Sde Warburg, Israel",https://www.keyscouts.com/?utm_source=clutch.co&utm_medium=referral&utm_campaign=directory
Elit-Web,"Kyiv, Ukraine",https://elit-web.com/?utm_source=clutch.co&utm_medium=referral&utm_campaign=directory
Konstruct Digital,"Calgary, Canada",https://www.konstructdigital.com/?utm_source=clutch.co&utm_medium=referral&utm_campaign=agencies-digital-marketing
Dragonfly Digital Marketing,"Baltimore, MD",https://dragonflydm.com/?utm_source=clutch.co&utm_medium=referral
Digital Nomads HQ,"Mooloolaba, Australia",https://digitalnomadshq.com.au/?utm_source=clutch.co&utm_medium=referral&utm_campaign=directory
One 10 Media,"Akron, OH",https://www.one10media.com/?utm_source=clutch.co&utm_medium=referral
Direct Online Marketing,"Pittsburgh, PA",https://www.directom.com/?utm_source=clutch.co&utm_medium=referral&utm_campaign=agencies-digital-marketing
UnboundB2B,"San Francisco, CA",https://www.unboundb2b.com/?utm_source=clutch.co&utm_medium=referral&utm_campaign=directory
farsiight,"Brisbane City, Australia",https://farsiight.com/?utm_source=clutch.co&utm_medium=referral&utm_campaign=directory
GLO - Generate Leads Online,"Ipswich, United Kingdom",https://generateleads.online/?utm_source=clutch.co&utm_medium=referral&utm_campaign=agencies-digital-marketing
IndeedSEO,"Greenwood, IN",https://indeedseo.com/?utm_source=clutch.co&utm_medium=referral&utm_campaign=agencies-digital-marketing
Clearwater Agency,"Cremorne, Australia",https://clearwateragency.com.au/?utm_source=clutch.co&utm_medium=referral&utm_campaign=directory
Skalski Growth,"Kraków, Poland",https://skalskigrowth.com/?utm_source=clutch.co&utm_medium=referral
SGK,"London, United Kingdom",https://www.sgkinc.com/en/?utm_source=clutch.co&utm_medium=referral&utm_campaign=directory
Online Optimism,"New Orleans, LA",https://www.onlineoptimism.com/become-an-optimistic-client/?utm_source=clutch.co&utm_medium=referral&utm_campaign=agencies-digital-marketing
1o8,"Chicago, IL",https://1o8.agency/?utm_source=clutch.co&utm_medium=referral
CAYK Marketing Inc.,"Calgary, Canada",https://www.cayk.ca/?utm_source=clutch.co&utm_medium=referral&utm_campaign=agencies-digital-marketing
BluShark Digital - Law Firm Marketing,"Washington, DC",https://blusharkdigital.com/?utm_source=clutch.co&utm_medium=referral&utm_campaign=directory
Ernst Media,"Spokane, WA",https://ernstmedia.co/?utm_source=clutch&utm_medium=referral
MeanPug Digital,"Brooklyn, NY",https://www.meanpug.com/?utm_source=clutch.co&utm_medium=referral&utm_campaign=directory
ESA Digital Ltd.,"London, United Kingdom",https://www.esadigitalagency.com/clutch-top-seo-ppc-agency/?utm_source=clutch.co&utm_medium=referral&utm_campaign=directory
M3.agency,"Albrighton, United Kingdom",https://m3.agency/?utm_source=clutch.co&utm_medium=referral&utm_campaign=agencies-digital-marketing
Three29,"Roseville, CA",https://three29.com/?utm_source=clutch.co&utm_medium=referral&utm_campaign=directory
Stryde,"Lehi, UT",https://stryde.com/?utm_source=clutch.co&utm_medium=referral&utm_campaign=agencies-digital-marketing
Coalition Technologies,"Culver City, CA",https://coalitiontechnologies.com/digital-marketing?utm_source=clutch.co&utm_medium=referral&utm_campaign=agencies-digital-marketing
SEO Experts Company India,"Sahibzada Ajit Singh Nagar, India",https://seoexpertscompanyindia.com/?utm_source=clutch&utm_medium=referral
Whites,"Warszawa, Poland",https://www.agencjawhites.pl/en/?utm_source=clutch.co&utm_medium=referral&utm_campaign=agencies-digital-marketing
HigherVisibility,"Memphis, TN",https://www.highervisibility.com/?utm_source=clutch.co&utm_medium=referral
Incline Marketing,"St. Petersburg, FL",https://inclinemarketing.org/?utm_source=clutch.co&utm_medium=referral&utm_campaign=directory
Fractl,"Delray Beach, FL",http://www.frac.tl/?utm_source=clutch.co&utm_medium=referral&utm_campaign=directory
HypeFactory,"Nicosia, Cyprus",https://hypefactory.com/?utm_source=clutch
Matrix Bricks,"नवी मुंबई, India",https://www.matrixbricks.com/?utm_source=clutch.co&utm_medium=referral&utm_campaign=directory
htmull,"Saint Clairsville, OH",https://htmull.com/?utm_source=clutch.co&utm_medium=referral&utm_campaign=directory
GrowthHit,"Seattle, WA",https://growthhit.com/?utm_source=clutch.co&utm_medium=referral&utm_campaign=directory
UAWC Agency,"Kyiv, Ukraine",http://uawc.agency/?utm_source=clutch.co&utm_medium=referral&utm_campaign=directory
Rizen Corp.,"Miami, FL",https://www.gorizen.com/?utm_source=clutch.co&utm_medium=referral&utm_campaign=agencies-digital-marketing
OuterBox,"Copley, OH",https://www.outerboxdesign.com/search-marketing/search-engine-optimization/?utm_source=clutch&utm_medium=referral
Digital Drew SEM,"New York, NY",https://digitaldrewsem.com/?utm_source=clutch.co&utm_medium=referral&utm_campaign=directory
Directive,"Irvine, CA",https://directiveconsulting.com/?utm_source=clutch&utm_medium=cpl&utm_campaign=best_agencies_digital_marketing
Kas Andz Marketing Group,"London, United Kingdom",https://kasandz.com/clutch-page/?utm_source=clutch.co&utm_medium=referral&utm_campaign=agencies-digital-marketing
Digital Authority Partners,"Chicago, IL",https://www.digitalauthority.me/services/digital-marketing-services/?utm_source=clutch.co&utm_medium=referral&utm_campaign=agencies-digital-marketing
"Social House, Inc.","Los Angeles, CA",https://www.socialhouseinc.com/
Operad,"Tel Aviv-Yafo, Israel",https://www.operad.com/?utm_source=clutch.co&utm_medium=referral&utm_campaign=directory
Netrocket,"Kyiv, Ukraine",https://netrocket.pro/?utm_source=clutch.co&utm_medium=referral&utm_campaign=agencies-digital-marketing
Serial Scaling,"BROOKLYN, NY",https://serialscaling.com/?utm_source=clutch.co&utm_medium=referral&utm_campaign=directory
Loud Mouth Media,"Belfast, United Kingdom",https://www.loudmouth-media.com/?utm_source=clutch.co&utm_medium=referral
novi.digital,"London, United Kingdom",https://novi.digital/?utm_source=clutch.co&utm_medium=referral&utm_campaign=directory
Rankings.io,"Marion, IL",https://rankings.io/?utm_source=clutch.co&utm_medium=referral&utm_campaign=directory
ExpandX,"Sofia, Bulgaria",http://expandx.com/?utm_source=clutch.co&utm_medium=referral&utm_campaign=directory
PageTraffic,"New Delhi, India",https://www.pagetraffic.com/?utm_source=clutch.co&utm_medium=referral
Go Fish Digital,"Raleigh, NC",https://gofishdigital.com/?utm_source=clutch.co&utm_medium=referral
Grow and Convert,"San Diego, CA",https://www.growandconvert.com/content-marketing-service-agency/
Art & Science,"Toronto, Canada",http://www.artscience.ca/?utm_source=clutch.co&utm_medium=referral&utm_campaign=directory
LYFE Marketing,"Atlanta, GA",https://www.lyfemarketing.com/services/?utm_source=clutch_digital_marketing_&utm_medium=referral&utm_campaign=clutch&utm_content=clutch_digital_marketing
Sherlock Communications,"São Paulo, Brazil",https://www.sherlockcomms.com/?utm_source=clutch.co&utm_medium=referral&utm_campaign=directory
Sure Oak,"Brooklyn, NY",https://www.sureoak.com/
Conversion Perk,"Sahibzada Ajit Singh Nagar, India",https://conversionperk.com/?utm_source=clutch.co&utm_medium=referral&utm_campaign=agencies-digital-marketing
Agency Jet,"Las Vegas, NV",https://www.agencyjet.com/?utm_source=clutch.co&utm_medium=referral&utm_campaign=directory
SEM Nexus,"New York, NY",https://semnexus.com/?utm_source=Clutch&utm_medium=CPC&utm_campaign=Clutch
Americanoize,"Miami, FL",https://americanoize.com/
SEO Brand,"Boca Raton, FL",http://www.seobrand.com/?utm_source=clutch.co&utm_medium=referral&utm_campaign=agencies-digital-marketing
Sellryt,"Lakewood, CA",https://sellryt.com/amazon-ppc/
Gripped,"London, United Kingdom",https://gripped.io/?utm_source=clutch.co&utm_medium=referral&utm_campaign=directory
Logical Media Group,"Chicago, IL",https://logicalmediagroup.com/?utm_source=clutch.co&utm_medium=referral&utm_campaign=directory
PreApps,"Boston, MA",https://www.preapps.com/app-marketing-agency-services/clutch-new/
EWR Digital,"Houston, TX",https://ewrdigital.com/?utm_source=clutch.co&utm_medium=referral&utm_campaign=agencies-digital-marketing
Page Zero Media,"Toronto, Canada",http://www.pagezero.com/?utm_source=clutch.co&utm_medium=referral
Spray Marketing,"Brooklyn, NY",https://www.spray.marketing/?utm_source=clutch.co&utm_medium=referral&utm_campaign=directory
Search & Gather,"Toronto, Canada",https://results.searchandgather.co/?utm_source=clutch_organic&utm_medium=clutch&utm_campaign=clutch&utm_term=clutch&utm_content=profile
Yodel Mobile,"London, United Kingdom",https://www.yodelmobile.com/?utm_source=clutch.co&utm_medium=referral
NAV43,"Toronto, Canada",https://nav43.com/?utm_source=clutch.co&utm_medium=referral&utm_campaign=agencies-digital-marketing
"Secret Sushi, Inc","San Francisco, CA",https://secretsushi.com/?utm_source=clutch.co&utm_medium=referral&utm_campaign=referral
Nettechnocrats,"Noida, India",https://www.nettechnocrats.com/?utm_source=clutch.co&utm_medium=referral&utm_campaign=directory
Blue Tree,"Chicago, IL",https://bluetree.ai/?utm_source=clutch.co&utm_medium=referral&utm_campaign=directory
Comrade Digital Marketing Agency,"Chicago, IL",https://comradeweb.com/?utm_source=clutch.co&utm_medium=referral&utm_campaign=agencies-digital-marketing
NextLeft,"San Diego, CA",https://nextleft.com/contact-us/?utm_source=clutch&utm_medium=referral
Codedesign,"Lisboa, Portugal",https://www.codedesign.org/?utm_source=clutch.co&utm_medium=referral&utm_campaign=agencies-digital-marketing
Exo Agency,"Seattle, WA",https://exoagency.com/
One Umbrella,"London, United Kingdom",http://oneumbrella.co/?utm_source=clutch.co&utm_medium=referral&utm_campaign=directory
"Inbox Army, LLC","Grapevine, TX",https://www.inboxarmy.com/?utm_source=clutch&utm_medium=referral
EvenDigit,"Indore, India",https://www.evendigit.com/contact/?utm_source=clutch.co&utm_medium=referral&utm_campaign=agencies-digital-marketing
Dizzain,"Sunnyvale, CA",https://www.dizzain.com/?utm_source=clutch.co&utm_medium=referral&utm_campaign=directory
Aweb,"Kyiv, Ukraine",https://aweb.agency/
MONSOON,"Berlin, Germany",https://monsoon.agency/?utm_source=clutch.co&utm_medium=referral
TribalVision,"Boston, MA",https://tribalvision.com/boston-ad-agency/?utm_source=clutch.co&utm_medium=referral&utm_campaign=directory
eBusiness UK,"Blackburn, United Kingdom",https://www.ebusinessuk.com/?utm_source=clutch&utm_medium=referral
S&G Content Marketing,"Fort Lauderdale, FL",https://stuntandgimmicks.com/?utm_source=clutch.co&utm_medium=referral&utm_campaign=agencies-digital-marketing
Bower Web Solutions,"Ringwood, NJ",https://bowerwebsolutions.com/?utm_source=clutch.co&utm_medium=referral&utm_campaign=directory
Incrementors Web Solutions,"Sacramento, CA",https://www.incrementors.com/?utm_source=clutch.co&utm_medium=referral&utm_campaign=clutch
BigOrange.Marketing,"Cincinnati, OH",https://bigorange.marketing/?utm_source=clutch.co&utm_medium=referral&utm_campaign=agencies-digital-marketing
Admix Global - Editorial Link Building,"Tallinn, Estonia",https://editorial.link/
1UP Digital Marketing,"Vancouver, Canada",https://1updigitalmarketing.com/get-started/?utm_source=clutch.co&utm_medium=referral&utm_campaign=directory
Bastion Amplify,"Laguna Hills, CA",https://us.bastionamplify.com/?utm_source=clutch.co&utm_medium=referral&utm_campaign=directory
Phiture,"Berlin, Germany",https://phiture.com/?utm_source=clutch.co&utm_medium=referral&utm_campaign=directory
Noise Media,"London, United Kingdom",https://www.noisemediagroup.co.uk/?utm_source=clutch.co&utm_medium=referral&utm_campaign=directory
Savage Global Marketing,"Fort Lauderdale, FL",https://www.savageglobalmarketing.com/contact-us/clutch/?utm_source=clutch.co&utm_medium=referral&utm_campaign=agencies-digital-marketing
Actualize Marketing,"Fort Collins, CO",https://actualizemktg.com/?utm_source=clutch.co&utm_medium=referral&utm_campaign=directory
JumpFly,"Elgin, IL",https://www.jumpfly.com/?c=6202575461&telnum=8332003660/?utm_source=clutch.co&utm_medium=referral&utm_campaign=directory
Elevation,"Washington, DC",https://www.elevationweb.org/
Lee and Nee,"Kolkata, India",https://lnsel.com/lp/clutch/
PPC Geeks,"Knutsford, United Kingdom",https://ppcgeeks.co.uk/the-ecommerce-growth-agency-clutch/?utm_source=clutch.co&utm_medium=free%20business%20directory
GLIDE,"Austin, TX",http://www.glidedesign.com/?utm_source=clutch.co&utm_medium=referral&utm_campaign=directory
Llama Lead Gen,"Brooklyn, NY",https://www.llamaleadgen.com/?utm_source=clutch.co&utm_medium=referral&utm_campaign=agencies-digital-marketing
Search Engine Projects,"Anaheim, CA",https://www.searchengineprojects.com/?utm_source=clutch&utm_campaign=main
BrainDonors,"Amsterdam, Netherlands",http://www.braindonors.agency/
Thought Catalog Agency,"Los Angeles, CA",http://www.thoughtcatalog.agency/?utm_source=clutch.co&utm_medium=referral&utm_campaign=directory
Booyah Advertising,"Denver, CO",http://www.booyahadvertising.com/?utm_source=clutch.co&utm_medium=referral&utm_campaign=directory
Kobe Digital,"Los Angeles, CA",https://www.kobedigital.com/?utm_source=clutch.co&utm_medium=referral
Radd Interactive,"San Diego, CA",https://raddinteractive.com/?utm_source=clutch.co&utm_medium=referral&utm_campaign=radd-profile
Bulldog Digital Media,"London, United Kingdom",http://bulldogdigitalmedia.co.uk/?utm_source=clutch.co&utm_medium=referral&utm_campaign=directory
Flightpath,"New York, NY",http://www.flightpath.com/?utm_source=clutch.co&utm_medium=referral&utm_campaign=directory
Espresso B2B Marketing,"San Francisco, CA",https://www.espressob2b.com/?utm_source=clutch.co&utm_medium=referral
First Spark Digital,"San Diego, CA",https://www.firstsparkdigital.com/?utm_source=clutch.co&utm_medium=referral&utm_campaign=profilepage
"Piper Marketing, LLC","Belmont, NH",https://piperdigitalmarketing.com/contact-us/?utm_source=clutch.co&utm_medium=referral&utm_campaign=directory
Marcel Digital,"Chicago, IL",https://www.marceldigital.com/?utm_source=clutch.co&utm_medium=referral&utm_campaign=directory
RadASO,"Kyiv, Ukraine",https://radaso.com/?utm_source=clutch.co&utm_medium=referral&utm_campaign=agencies-digital-marketing
Perrill,"Minnetonka, MN",https://www.perrill.com/?utm_source=clutch.co&utm_medium=referral&utm_campaign=directory
Metric Theory,"San Francisco, CA",http://metrictheory.com/?utm_source=clutch.co&utm_medium=referral
North Star Inbound,"Austin, TX",https://www.northstarinbound.com/?utm_source=clutch.co&utm_medium=referral&utm_campaign=digital-marketing
"Connection Model, LLC","Bellevue, WA",https://www.connectionmodel.com/contact/?utm_source=clutch&utm_medium=referral
SOLV.,"Kyiv, Ukraine",http://solv.team//?utm_source=clutch.co&utm_medium=referral&utm_campaign=directory
WebiMax,"Ocean City, NJ",https://www.webimax.com/?utm_source=Clutch.co
HawkSEM,"Los Angeles, CA",http://hawksem.com/?utm_source=clutch.co&utm_medium=referral
Mediacharge,"München, Germany",https://www.mediacharge.com/?utm_source=clutch.co&utm_medium=referral&utm_campaign=directory
Ignite Digital,"Mississauga, Canada",https://ignitedigital.com/increasing-your-brand-in-seo-lp-clutch/?utm_source=clutch&utm_medium=banner&utm_campaign=clutch_profile
NXTWEB Agency,"Chester, United Kingdom",https://nxtweb.agency/
Tendo Communications,"San Francisco, CA",http://tendocom.com/?utm_source=clutch.co&utm_medium=referral&utm_campaign=directory
BellaVix,"Cary, NC",http://www.bellavix.com/?utm_source=clutch.co&utm_medium=referral
Atomic Digital Marketing,"Warrington, United Kingdom",https://atomicdigitalmarketing.co.uk/?utm_source=clutch.co&utm_medium=referral&utm_campaign=directory
Pico Digital Marketing,"Denver, CO",https://choosepico.com/?utm_source=clutch&utm_medium=referral&utm_campaign=agencies-digital-marketing
SEO Werkz,"Riverton, UT",http://www.seowerkz.com/?utm_source=clutch&utm_medium=referral&utm_campaign=directory
"PartnerCentric, Inc.","New York, NY",https://partnercentric.com/?utm_source=clutch.co&utm_medium=referral&utm_campaign=directory
Pixated,"London, United Kingdom",https://pixated.agency/?utm_source=clutch.co&utm_medium=referral&utm_campaign=directory
My Little Big Web,"Montréal, Canada",https://mylittlebigweb.com/en/?utm_source=clutch.co&utm_medium=referral&utm_campaign=directory
CIENCE Technologies,"Denver, CO",https://www.cience.com/?utm_source=clutch&utm_medium=referral
func.media,"Toronto, Canada",http://www.func.media/?utm_source=clutch.co&utm_medium=referral&utm_campaign=directory
Verbsz Marketing,"Reston, VA",https://www.verbszmarketing.com/?utm_source=clutch.co&utm_medium=referral&utm_campaign=directory
REPLUG,"Berlin, Germany",https://rplg.io/?utm_source=clutch.co&utm_medium=referral&utm_campaign=directory
Flying Cat Marketing,"Barcelona, Spain",http://www.flyingcatmarketing.com/?utm_source=clutch.co&utm_medium=referral&utm_campaign=directory
Agency 102,"Towson, MD",https://www.agency102.com/contact-us/
GenTech Marketing,"Tampa, FL",https://www.gentechmarketing.com/
Megethos,"Phoenix, AZ",http://www.megethosdigital.com/?utm_source=clutch.co&utm_medium=referral&utm_campaign=clutch
Studio Mosaic,"New Delhi, India",http://www.studiomosaicapps.com/?utm_source=clutch&utm_medium=referral
Rejoiner,"Newport, RI",https://rejoiner.com/email-marketing-agency?utm_source=clutch.co&utm_medium=referral
upGrowth Commerce,"Abbotsford, Canada",https://upgrowthcommerce.com/contact/?utm_source=clutch.co&utm_medium=referral&utm_campaign=directory
Idea Hall,"Costa Mesa, CA",https://ideahall.com/client-testimonials/?utm_source=clutch.co&utm_medium=referral&utm_campaign=directory
Compound Growth Marketing,"Cohasset, MA",https://compoundgrowthmarketing.com/?utm_source=clutch.co&utm_medium=referral&utm_campaign=directory
RivalMind,"St. Charles, IL",https://www.rivalmind.com/?utm_source=clutch.co&utm_medium=referral&utm_campaign=directory
Webomaze,"Melbourne, Australia",https://www.webomaze.com.au/
Unitix,"Kyiv, Ukraine",https://unitix.pro//?utm_source=clutch.co&utm_medium=referral&utm_campaign=directory
OpenMoves,"Huntington, NY",https://openmoves.com/paid-media/?utm_source=clutch.co&utm_medium=referral&utm_campaign=agencies-digital-marketing
97 Switch,"Chicago, IL",https://97switch.com/?utm_source=clutch.co&utm_medium=referral&utm_campaign=directory
Buzz Dealer,"Tel Aviv-Yafo, Israel",https://buzzdealer.com/contacts/
iOTA A Creative Agency,"Sahibzada Ajit Singh Nagar, India",https://iotainfotech.com/contact/?utm_source=referral&utm_medium=clutch+contact&utm_campaign=lead+generation
Bop Design,"San Diego, CA",https://www.bopdesign.com/?utm_source=clutch.co&utm_medium=referral&utm_campaign=directory
Manta,"Lehi, UT",https://get.manta.com/free-consultation-digital-marketing-clutch-featured/?utm_source=referral&utm_medium=paid-listing&utm_campaign=clutch-agencies-digital-marketing
AdTribe,"Toronto, Canada",https://adtribe.com/?utm_source=clutch&utm_medium=ads&utm_campaign=clutch_banner_2020
Global Search Marketing,"Birmingham , United Kingdom",https://globalsearchmarketing.co.uk/?utm_source=clutch.co&utm_medium=referral&utm_campaign=agencies-digital-marketing
Prohibition,"Leeds, United Kingdom",https://prohibitionpr.co.uk/?utm_source=clutch.co&utm_medium=referral
Volterra,"Toronto, Canada",https://volterradigital.com/clutch/
The SEO Works,"Sheffield, United Kingdom",https://www.seoworks.co.uk/?utm_source=clutch.co&utm_medium=referral&utm_campaign=directory
Firebelly Marketing,"Indianapolis, IN",https://firebellymarketing.com/?utm_source=clutch.co&utm_medium=referral&utm_campaign=agencies-digital-marketing
Favoured,"London, United Kingdom",https://favoured.co.uk/?utm_source=clutch.co&utm_medium=referral&utm_campaign=Best-Digital-Marketing-Agencies-&-Services
SLT Consulting,"New York, NY",https://sltconsulting.co/?utm_source=clutch.co&utm_medium=referral&utm_campaign=agencies-digital-marketing
Rozee Digital,"Ottershaw, United Kingdom",https://rozeedigital.com/clutch-landing-page?utm_source=clutch.co&utm_medium=referral&utm_campaign=directory
Canesta,"Los Angeles, CA",https://www.canesta.com/?utm_source=clutch.co&utm_medium=referral&utm_campaign=directory
Devenup SEO,"Chernihiv, Ukraine",https://devenup.com/?utm_source=clutch.co&utm_medium=referral&utm_campaign=directory
Snowball Creations,"London, United Kingdom",https://snowballcreations.com/?utm_source=clutch.co&utm_medium=referral&utm_campaign=directory
Brainvire Infotech Inc,"Irving, TX",https://www.brainvire.com/?utm_source=clutchorg&utm_medium=referral
Digiffic.com,"Gdańsk, Poland",https://www.digiffic.com/?utm_source=clutch.co&utm_medium=referral&utm_campaign=directory
REQ,"Washington, DC",https://req.co/?utm_source=clutch.co&utm_medium=referral&utm_campaign=agencies-digital-marketing
Jax Media Team,"Jacksonville, FL",https://jaxmediateam.com/?utm_source=clutch.co&utm_medium=referral&utm_campaign=directory
Inflow,"Tampa, FL",https://www.goinflow.com/ecommerce-consultation/?utm_source=clutch.co&utm_medium=referral&utm_campaign=directory
Minty Digital,"Barcelona, Spain",https://www.mintydigital.com/?utm_source=clutch.co&utm_medium=referral&utm_campaign=directory
CSP,"Golden, CO",https://www.coloradoseopros.com/?utm_source=clutch.co&utm_medium=referral
Dot Com Infoway,"Madurai, India",https://www.dotcominfoway.com/internet-marketing/?utm_source=clutch.co&utm_medium=referral&utm_campaign=agencies-digital-marketing
High Voltage SEO,"Phoenix, AZ",https://hvseo.co/?utm_source=clutch.co&utm_medium=referral&utm_campaign=directory
The Frameworks,"London, United Kingdom",https://www.theframeworks.com/?utm_source=clutch.co&utm_medium=referral
Marketing Deck,"București, Romania",https://marketingdeck.com/
ExaWeb Corporation,"Taguig, Philippines",https://www.exaweb.com.ph/?utm_source=clutch.co&utm_medium=referral
Zupo,"Anaheim, CA",https://zupo.co/clutch/?utm_source=clutch.co&utm_medium=referral&utm_campaign=agencies-digital-marketing
Clavis,"Toronto, Canada",http://clavis.ca/?utm_source=clutch.co&utm_medium=referral&utm_campaign=directory
AJ Marketing,Singapore,https://www.ajmarketing.io/?utm_source=clutch.co&utm_medium=referral&utm_campaign=directory
CISIN,"San Jose, CA",https://www.cisin.com/?utm_source=clutch.co&utm_medium=referral&utm_campaign=agencies-digital-marketing
Pixel506 (a 10Pearls Company),"Escazu, Costa Rica",https://pixel506.com/?utm_source=clutch.co&utm_medium=referral&utm_campaign=directory
WideFoc.us Social Media,"Denver, CO",https://www.widefoc.us/?utm_source=clutch.co&utm_medium=referral&utm_campaign=directory
fishbat Media,"Port Jefferson, NY",https://fishbat.com/?utm_source=clutch.co&utm_medium=referral&utm_campaign=directory
Idea Grove,"Dallas, TX",https://www.ideagrove.com/clutch
Soup Agency,"Sydney, Australia",https://www.soupagency.com.au/?utm_source=clutch.co&utm_medium=referral&utm_campaign=directory
Brick Marketing,"Boston, MA",https://www.brickmarketing.com/?utm_source=clutch.co&utm_medium=referral&utm_campaign=agencies-digital-marketing
Brighter Click,"Cary, NC",https://www.brighterclick.com/
t/hawk digital,"Ridgefield, CT",https://thawkdigital.com/
New Design Group Inc.,"Toronto, Canada",https://www.newdesigngroup.ca/?utm_source=clutch.co&utm_medium=referral
Wiideman,"La Mirada, CA",https://www.wiideman.com/?utm_source=clutch.co&utm_medium=referral&utm_campaign=directory
Red Shark Digital,"Greenville, NC",https://www.redsharkdigital.com/?utm_source=rsd&utm_medium=clutch&utm_campaign=thirdpartydirectory
MTA Digital,"Poznań, Poland",https://mta.digital/
Neon Ambition,"Austin, TX",http://www.neonambition.com/?utm_source=clutch.co&utm_medium=referral&utm_campaign=directory
SEO Sherpa,"Dubai, United Arab Emirates",https://seosherpa.com/?utm_source=clutch&utm_medium=directory&utm_campaign=referral
Forest City Digital,"Brecksville, OH",https://forestcitydigital.net/?utm_source=clutch.co&utm_medium=referral&utm_campaign=directory
Zeller Media,"Jersey City, NJ",https://www.zellermedia.com/?utm_source=clutch.co&utm_medium=referral&utm_campaign=directory
Pareto PPC,"Philadelphia, PA",https://paretoppc.com/?utm_source=clutch.co&utm_medium=referral&utm_campaign=directory
BrandLyft,"Cartersville, GA",https://brandlyft.io/?utm_source=clutch.co&utm_medium=referral&utm_campaign=directory
uSERP,"Lone Tree, CO",https://userp.io/?utm_source=clutch.co&utm_medium=referral&utm_campaign=directory
Renaissance Digital Marketing,"Tampa, FL",https://renaissancedm.com/
Digital Hot Sauce,"Vancouver, Canada",https://www.addsomehotsauce.com/
Black Propeller,"Bel Air, MD",https://blackpropeller.com/?utm_source=clutch.co&utm_medium=referral&utm_campaign=profile
Socialistics,"Seattle, WA",https://www.socialistics.com/?utm_source=clutch.co&utm_medium=referral
Oyova,"Jacksonville Beach, FL",https://www.oyova.com/?utm_source=clutch.co&utm_medium=referral&utm_campaign=directory
On Digitals,"Ho Chi Minh, Vietnam",https://ondigitals.com/?utm_source=clutch.co&utm_medium=referral
Cleverly,"Los Angeles, CA",https://www.cleverly.co/?utm_source=clutch.co&utm_medium=referral&utm_campaign=directory
SAVV DIGITAL,"North Sydney, Australia",https://www.savvdigital.com.au/?utm_source=clutch.co&utm_medium=referral&utm_campaign=directory
First Page Digital Singapore,Singapore,http://firstpagedigital.sg/?utm_source=clutch.co&utm_medium=referral
Net Reputation,"Sarasota, FL",https://www.netreputation.com/?utm_source=clutch&utm_medium=referral&utm_campaign=clutch-profile
dJolt,"Dallas, TX",https://djolt.co/?utm_source=clutch.co&utm_medium=referral&utm_campaign=directory
SEOValley Solutions Pvt. Ltd.,"Bhopal, India",https://seovalley.com/?utm_source=clutch.co&utm_medium=referral&utm_campaign=directory
Reporter Outreach,"San Diego, CA",https://www.reporteroutreach.com/?utm_source=clutch.co&utm_medium=referral&utm_campaign=directory
Propeller,"London, United Kingdom",https://propeller.co.uk/?utm_source=clutch.co&utm_medium=referral
Station Entertainment,"Wilmington, NC",https://thestation.io/?utm_source=clutch.co&utm_medium=referral&utm_campaign=directory
LawRank,"Los Angeles, CA",https://lawrank.com/?utm_source=clutch.co&utm_medium=referral
Belkins,"Denver, CO",https://belkins.io/clutch?utm_source=clutch.co&utm_medium=referral
Webential,"Wentworthville, Australia",https://www.webential.com/?utm_source=clutch.co&utm_medium=referral&utm_campaign=agencies-digital-marketing
Eboost Consulting,"Carlsbad, CA",https://eboostconsulting.com/?utm_source=clutch.co&utm_medium=referral&utm_campaign=agencies-digital-marketing
Fearless Media,"Norwalk, CT",https://fearlessmedia.com/?utm_source=clutch.co&utm_medium=referral&utm_campaign=directory
ClickGiant,"Charleston, SC",http://clickgiant.com/?utm_source=clutch.co&utm_medium=referral&utm_campaign=directory
BrandLume Inc.,"Toronto, Canada",https://brandlume.com/?utm_source=clutch.co&utm_medium=referral
Pear Analytics,"San Antonio, TX",https://pearanalytics.com/?utm_source=clutch.co&utm_medium=referral
Zorka.Agency,"Limassol, Cyprus",https://zorka.agency/?utm_source=clutch.co&utm_medium=referral&utm_campaign=directory
ONE18MEDIA,"Melville, NY",https://landing.one18media.com/?utm_source=clutch.co&utm_medium=referral&utm_campaign=directory
Viral Nation,"Mississauga, Canada",https://www.viralnation.com/?utm_source=clutch.co&utm_medium=referral&utm_campaign=directory
7 Wonders Cinema,"Ardmore, PA",https://www.7wonders.com/contentmarketing
WDI,"Mumbai, India",https://www.wdipl.com/?utm_source=clutch.co&utm_medium=referral&utm_campaign=directory
Asset Digital Communications,"Toronto, Canada",https://assetdigitalcom.com/contact/
BCC Interactive,"Philadelphia, PA",https://bccinteractive.com/?utm_source=clutch.co&utm_medium=referral&utm_campaign=agencies-digital-marketing
encite branding + marketing + creative,"Denver, CO",http://www.enciteinternational.com/
The Status Bureau,"Vancouver, Canada",https://www.statusbureau.com/?utm_source=clutch.co&utm_medium=referral
Momentumm Digital,"Montréal, Canada",https://momentumm.co/?utm_source=clutch.co&utm_medium=referral&utm_campaign=directory
Gulo,"Chicago, IL",https://www.gulosolutions.com/?utm_campaign=directory&utm_source=clutch.co&utm_medium=cpc
Bird Marketing,"London, United Kingdom",https://birdmarketing.co.uk/?utm_source=clutch.co&utm_medium=referral&utm_campaign=directory
Absolute Web,"Miami, FL",https://www.absoluteweb.com/
elk Marketing,"West Hollywood, CA",https://www.elkhq.com/?utm_source=clutch.co&utm_medium=referral&utm_campaign=directory
CSTMR,"Bee Cave, TX",https://cstmr.com/
Interactive Strategies,"Washington, DC",http://www.interactivestrategies.com/?utm_source=clutch.co&utm_medium=referral&utm_campaign=directory
More Local Clients LLC,"Lincolnshire, IL",https://www.morelocalclients.com/?utm_source=clutch.co&utm_medium=referral&utm_campaign=directory
PopArt Studio,"Chicago, IL",https://www.popwebdesign.net/index_eng.html?utm_source=clutch.co&utm_medium=referral&utm_campaign=directory
SeoProfy,"Miami, FL",https://seoprofy.com/?utm_source=clutch.co&utm_medium=referral&utm_campaign=directory
Hatchery,"Franklin, TN",https://wearehatchery.com/?utm_source=clutch.co&utm_medium=referral&utm_campaign=directory
VEA Technologies,"Denver, CO",https://veatechnologies.com/digital-advertising-services/?utm_source=clutch.co&utm_medium=referral&utm_campaign=agencies-digital-marketing
UPQODE,"Nashville, TN",https://upqode.com/?utm_source=clutch.co&utm_medium=referral&utm_campaign=directory
Solid Digital,"Chicago, IL",https://www.soliddigital.com/contact?utm_source=clutch.co&utm_medium=referral
Nucco,"London, United Kingdom",https://www.nucco.co.uk/
revision6,"München, Germany",https://www.revision6.com/?utm_source=clutch.co&utm_medium=referral&utm_campaign=directory
PNdigital Ltd,"London, United Kingdom",http://www.pndigital.co.uk/
Notionhive,"Dhaka, Bangladesh",https://www.notionhive.com/?utm_source=clutch.co&utm_medium=referral&utm_campaign=directory
Acceleration Partners,"Boston, MA",http://www.accelerationpartners.com/?utm_source=clutch.co&utm_medium=referral&utm_campaign=directory
Sensters,"Kyiv, Ukraine",https://sensters.com/?utm_source=clutch.co&utm_medium=referral&utm_campaign=directory
Casual,"London, United Kingdom",https://www.casualfilms.com/?utm_source=clutch&utm_medium=profile+page
Division of Labor,"Sausalito, CA",https://www.divisionoflabor.com/?utm_source=clutch.co&utm_medium=referral&utm_campaign=agencies-digital-marketing
Reichl und Partner Werbeagentur GmbH,"Wien, Austria",https://reichlundpartner.com/?utm_source=clutch.co&utm_medium=referral&utm_campaign=agencies-digital-marketing
NL Softworks,"Boston, MA",https://nlsoftworks.com/?utm_source=clutch.co&utm_medium=referral&utm_campaign=directory
Five Seasons Media,"Cedar Rapids, IA",https://5seasonsmedia.com/contact/?utm_source=clutch.co&utm_medium=referral&utm_campaign=directory
eMarket Experts,"Melbourne, Australia",https://www.emarketexperts.com.au/?utm_source=clutch.co&utm_medium=referral&utm_campaign=directory
Norsu Media Group,"Harrow, United Kingdom",https://norsumediagroup.com/?utm_source=clutch.co&utm_medium=referral&utm_campaign=directory
LinkDoctor,"Sheridan, WY",https://linkdoctor.io/?utm_source=clutch.co&utm_medium=referral&utm_campaign=directory
Blink Digital Consulting,"Calgary, Canada",https://blinkdigital.org/?utm_source=clutch.co&utm_medium=referral&utm_campaign=agencies-digital-marketing
Fannit,"Seattle, WA",https://www.fannit.com/?utm_source=clutch.co&utm_medium=referral&utm_campaign=directory
Ladybugz Interactive Agency,"Hudson, MA",http://www.ladybugz.com/?utm_source=clutch.co&utm_medium=referral&utm_campaign=directory
Bear In The Hall,"New York, NY",https://bearinthehall.com/?utm_source=clutch.co&utm_medium=referral&utm_campaign=agencies-digital-marketing
303,"London, United Kingdom",https://303.london/?utm_source=clutch.co&utm_medium=referral&utm_campaign=agencies-digital-marketing
Thrive Design,"Seattle, WA",https://thrive.design/?utm_source=clutch.co&utm_medium=referral&utm_campaign=agencies-digital-marketing
Signature Video Group,"Toronto, Canada",https://www.signaturevideogroup.com/?utm_source=clutch.co&utm_medium=referral&utm_campaign=directory
Firestarter SEO,"Centennial, CO",https://firestarterseo.com/?utm_source=clutch.co&utm_medium=referral&utm_campaign=directory
SEO Image,"New York, NY",https://seoimage.com/?utm_source=clutch.co&utm_medium=referral
Reilly Connect,"Chicago, IL",https://www.reillyconnect.com/?utm_source=clutch.co&utm_medium=referral&utm_campaign=directory
Ayokay,"Indianapolis, IN",https://www.ayokay.com/get-started/?utm_source=clutch.co&utm_medium=referral&utm_campaign=directory
Artifex Digital,"Vancouver, Canada",https://www.artifexdigital.co/performance-marketing/?utm_source=clutch.co&utm_medium=referral&utm_campaign=directory
Infront Webworks,"Colorado Springs, CO",https://www.infront.com/?utm_source=clutch.co&utm_medium=referral&utm_campaign=directory
Dignitas Digital,"Philadelphia, PA",http://www.dignitas.digital/?utm_source=clutch.co&utm_medium=referral&utm_campaign=directory
Dreww,"Montréal, Canada",http://dreww.ca/
"Spiralytics, Inc.","Makati, Philippines",https://www.spiralytics.com/?utm_source=clutch.co&utm_medium=referral&utm_campaign=directory
Supple Digital,"Richmond, Australia",https://supple.com.au/
Unusual,"Los Angeles, CA",http://unusual.la/
Our Own Brand,"London, United Kingdom",https://www.ourownbrand.co/?utm_source=clutch&utm_medium=referral
Nuanced Media,"Tucson, AZ",https://nuancedmedia.com/?utm_source=clutch.co&utm_medium=referral&utm_campaign=directory
GrowMyAds.com,"Fort Wayne, IN",https://growmyads.com/?utm_source=clutch.co&utm_medium=referral&utm_campaign=directory
Renaissance Marketing,"Richmond, VA",https://renaissancemarketingva.com/?utm_source=referral&utm_medium=clutch
Creative Brand Design,"London, United Kingdom",https://www.cbwebsitedesign.co.uk/?utm_source=clutch.co&utm_medium=referral&utm_campaign=directory
Rep Cap,"Baton Rouge, LA",https://repcap.com/
Swerve,"Burlington, Canada",https://www.swervepr.com/clutch
Trinity,"Paoli, PA",https://www.trinity.one/?utm_source=clutch.co&utm_medium=referral&utm_campaign=directory
Torchbox,"Bristol, United Kingdom",https://torchbox.com/?utm_source=clutch.co&utm_medium=referral&utm_campaign=directory
Dragon360,"Kingston, NY",https://dragon360.com/work/?utm_source=clutch&utm_medium=email&utm_campaign=directory
Arnold Street Media,"Toronto, Canada",https://arnoldstreet.com/?utm_source=clutch.co&utm_medium=referral&utm_campaign=directory
Sculpt,"Iowa City, IA",https://wearesculpt.com/?utm_source=clutch.co&utm_medium=referral
Blue Meta,"Vancouver, Canada",http://wearebluemeta.com/?utm_source=clutch.co&utm_medium=referral
Wizard Digital Marketing Agency,"Marousi, Greece",https://www.sem-wizard.com/?utm_source=clutch.co&utm_medium=referral&utm_campaign=directory
Chair 10 Marketing,"Seattle, WA",https://go.chair10marketing.com/clutchdigitalmarketingexperts/?utm_source=clutch.co&utm_medium=referral
Illuminator,"San Rafael, CA",https://illuminator.co/?utm_source=clutch.co&utm_medium=referral&utm_campaign=directory
MH Digital,"Denver, CO",https://mhdigitalgroup.com/?utm_source=clutch.co&utm_medium=referral
Storm Brain,"Carlsbad, CA",https://www.stormbrain.com/?utm_source=clutch.co&utm_medium=referral
NNPARTNERS,"Vila do Conde, Portugal",https://nn.partners/
Jacob Tyler,"Del Mar, CA",http://www.jacobtyler.com/?utm_source=clutch&utm_medium=referral
Naked Development,"Irvine, CA",http://app.nakeddev.com/application?utm_source=Clutch&utm_medium=Direct&utm_campaign=Naked%20Profile%20Link
InPulse Digital,"Coral Gables, FL",https://inpulsedigital.com/social-media-services?utm_source=clutch.co&utm_medium=referral&utm_campaign=directory
Marketing Maven,"Camarillo, CA",http://www.marketingmaven.com/?utm_source=clutch.co&utm_medium=referral&utm_campaign=directory
GenieCrawl,"Twickenham, United Kingdom",https://www.geniecrawl.com/?utm_source=clutch.co&utm_medium=referral
PixelChefs,"Winter Garden, FL",https://www.pixelchefs.com/?utm_source=clutch.co&utm_medium=referral&utm_campaign=directory
Contrast & Co.,"Annapolis, MD",http://www.contrastandco.com/?utm_source=clutch.co&utm_medium=referral&utm_campaign=directory
The Brick Factory,"Washington, DC",http://www.thebrickfactory.com/?utm_source=clutch.co&utm_medium=referral&utm_campaign=directory
Seota Digital Marketing,"Frisco, TX",https://seota.com/?utm_source=clutch.co&utm_medium=referral
KME.digital,"Fairfax, VA",https://kme.digital/?utm_source=clutch.co&utm_medium=referral&utm_campaign=directory
ROASBEAST,"Pembroke Pines, FL",https://roasbeast.com/?utm_source=clutch.co&utm_medium=referral&utm_campaign=directory
Mabbly,"Chicago, IL",https://www.mabbly.com/?utm_source=clutch.co&utm_medium=referral
TargetMarket,"Charleston, SC",https://www.targetmarket.com/?utm_source=clutch.co&utm_medium=referral&utm_campaign=directory
Trajectory Web Design,"Atlanta, GA",https://www.trajectorywebdesign.com/
Bad Rhino Inc.,"West Chester, PA",http://badrhinoinc.com/?utm_source=clutch.co&utm_medium=referral
Ten Thousand Foot View,"Toronto, Canada",https://www.tenthousandfootview.com/?utm_source=clutch.co&utm_medium=referral
Northpeak,"Columbus, OH",https://northpeak.io/?utm_source=clutch.co&utm_medium=referral&utm_campaign=directory
Dot IT,"Tallinn, Estonia",https://dotit.org/?utm_source=clutch.co&utm_medium=referral&utm_campaign=agencies-digital-marketing
Dorst MediaWorks,"Washington, DC",https://dorstmediaworks.com/americas-top-instagram-marketing-agency/?utm_source=clutch.co&utm_medium=referral&utm_campaign=agencies-social-media-marketing-instagram
Web Design & Company,"St. Louis, MO",https://webdesignandcompany.com/?utm_source=clutch.co&utm_medium=referral&utm_campaign=directory
Society22 PR,"Los Angeles, CA",https://society22pr.com/?utm_source=clutch.co&utm_medium=referral
Skynet Technologies,"Independence, KY",https://www.skynettechnologies.com/?utm_source=clutch.co&utm_medium=referral&utm_campaign=directory
Brandconn Digital,"Noida, India",https://www.brandconn.com/?utm_source=clutch.co&utm_medium=referral&utm_campaign=directory
Business Assist,"Melbourne, Australia",https://businessassist.net/?utm_source=clutch.co/&utm_medium=referral&utm_campaign=agencies-digital-marketing
smartboost,"Las Vegas, NV",https://smartboost.com/?utm_source=clutch.co&utm_medium=referral&utm_campaign=directory
Strike Digital,"Dublin, Ireland",https://strikedigital.ie/?utm_source=clutch.co&utm_medium=referral&utm_campaign=directory
Intrepy Healthcare Marketing,"Union Park, FL",https://intrepy.com/?utm_source=agency+directory&utm_medium=website+traffic&utm_campaign=clutch+listing+traffic
Fifty & Five,"Orlando, FL",http://www.fiftyandfive.com/?utm_source=clutch.co&utm_medium=referral&utm_campaign=directory
Optimum7,"Coral Gables, FL",http://www.optimum7.com/?utm_source=clutch.co&utm_medium=referral&utm_campaign=directory
Fat Cow Media,"London, United Kingdom",https://fatcowmedia.co.uk/?utm_source=clutch.co&utm_medium=referral
Effective Marketing,"Chicago, IL",https://effectivemc.com/?utm_source=clutch.co&utm_medium=referral&utm_campaign=digital-marketing
Torro Media,"Boston, MA",https://torro.io/?utm_source=clutch.co&utm_medium=referral&utm_campaign=directory
eDesign Interactive,"Morristown, NJ",https://edesigninteractive.com/?utm_source=clutch.co&utm_medium=referral
i76 Solutions,"Plymouth Meeting, PA",http://www.i76solutions.com/?utm_source=clutch.co&utm_medium=referral
Labyrinth Digital,"Denver, CO",https://labyrinth.digital/?utm_source=clutch.co&utm_medium=referral&utm_campaign=agencies-digital-marketing
Marketix,"Concord, Australia",https://marketix.info/seo-agency-sydney/?utm_source=clutch.co&utm_medium=referral&utm_campaign=directory
MarketAcross,"Tel Aviv-Yafo, Israel",https://marketacross.com/
The Shelf,"Atlanta, GA",https://www.theshelf.com/?utm_source=clutch&utm_medium=referral
Cleartail Marketing,"Chicago, IL",https://cleartailmarketing.com/clutch/?utm_source=clutch.co&utm_medium=referral&utm_campaign=directory
PQube Business Solutions,"Bengaluru, India",https://www.pqube.in/services/digital-marketing-services?utm_source=clutch.co&utm_medium=referral&utm_campaign=agencies-digital-marketing
Big Day the Agency,"San Diego, CA",https://bigdaytheagency.com/?utm_source=clutch.co&utm_medium=referral&utm_campaign=directory
MARKÉTIKA,"Montréal, Canada",https://marketika.co/?utm_source=clutch.co&utm_medium=referral&utm_campaign=directory
Web Bureau,"Belfast, United Kingdom",https://www.thewebbureau.com/?utm_source=clutch.co&utm_medium=referral
NickelBronx,"McLean, VA",http://nickelbronx.com/?utm_source=clutch.co&utm_medium=referral&utm_campaign=directory
Growthpad Digital Consulting,"Nairobi, Kenya",http://www.growthpad.co.ke/?utm_source=clutch.co&utm_medium=referral&utm_campaign=directory
Gustin Quon,"Winnipeg, Canada",https://gustinquon.com/?utm_source=clutch&utm_medium=referral
Emirates Graphic,"Dubai, United Arab Emirates",http://www.emiratesgraphic.com/?utm_source=clutch.co&utm_medium=referral
Direction,"Austin, TX",https://direction.com/?utm_source=clutch.co&utm_medium=referral
Seotonic Web Solutions Pvt Ltd,"Bhopal, India",https://www.seotonic.com/?utm_source=clutch.co&utm_medium=directory
Gravitate,"Vancouver, WA",https://www.gravitatedesign.com/industry/b2b-digital-marketing/?utm_source=clutch.co&utm_medium=referral&utm_campaign=directory
SalesNash,"Ottawa, Canada",https://clutch.salesnash.com/
Vrinsoft Technology,"Ahmedabad, India",https://www.vrinsofts.com/?utm_source=clutch.co&utm_medium=referral&utm_campaign=directory
South Street & Co.,"Orlando, FL",https://southstreetmarketing.com/services/digital-marketing/?utm_source=clutch.co&utm_medium=referral&utm_campaign=agencies-digital-marketing
Heyday Marketing,"Coral Gables, FL",https://heydaymarketing.com/?utm_source=clutch.co&utm_medium=referral&utm_campaign=agencies-digital-marketing
Front Page Advantage,"Basingstoke , United Kingdom",http://frontpageadvantage.com/?utm_source=clutch.co&utm_medium=referral&utm_campaign=directory
Aron Web Solutions,"Sahibzada Ajit Singh Nagar, India",https://aronwebsolutions.com/?utm_source=clutch.co&utm_medium=referral&utm_campaign=directory
GrowThunders,"Kraków, Poland",https://growthunders.com/?utm_source=clutch.co&utm_medium=referral&utm_campaign=agencies-digital-marketing
1st on the List Promotion,"Abbotsford, Canada",https://www.1stonthelist.ca/about?utm_source=clutch.co&utm_medium=referral&utm_campaign=directory
Design In DC,"Washington, DC",https://designindc.com/?utm_source=clutch.co&utm_medium=referral&utm_campaign=directory
Brand Vision,"Toronto, Canada",https://www.brandvm.com/?utm_source=clutch.co&utm_medium=referral&utm_campaign=clutch_profile
Agile Digital Agency,"London, United Kingdom",https://www.agiledigitalagency.com/?utm_source=clutch&utm_medium=profile&utm_campaign=agile_clutch_profile
Carl Ocab Digital Marketing,"Muntinlupa, Philippines",https://www.carlocab.com/
Burst Digital,"London, United Kingdom",https://burstdgtl.com/?utm_source=clutch.co&utm_medium=referral&utm_campaign=profile
Bitcoin Marketing Team,"Dublin, Ireland",https://bitcoinmarketingteam.com/?utm_source=clutch.co&utm_medium=referral&utm_campaign=directory
Ziffity Solutions,"Plano, TX",https://www.ziffity.com/?utm_source=clutch.co&utm_medium=referral&utm_campaign=directory
neuelane,"Miami, FL",https://neuelane.com/?utm_source=clutch&utm_medium=agency_list&utm_campaign=agency_directory&utm_content=organic_traffic
5WPR,"New York, NY",http://www.5wpr.com/?utm_source=clutch.co&utm_medium=referral
Percepto,"Tel Aviv-Yafo, Israel",https://www.percepto-digital.com/?utm_source=clutch.co&utm_medium=referral&utm_campaign=directory
Content Allies,"Colorado Springs, CO",https://contentallies.com/?utm_source=clutch.co&utm_medium=referral&utm_campaign=directory
Alameda Internet Marketing,"Alameda, CA",https://alamedaim.com/?utm_source=clutch.co&utm_medium=referral&utm_campaign=directory
DIGITECH,"Austin, TX",https://www.digitechwebdesignaustin.com/digital-marketing-agency/?utm_source=clutch.co&utm_medium=referral&utm_campaign=agencies-digital-marketing
MacRAE'S,"Mississauga, Canada",https://macraes.com/?utm_source=clutch.co&utm_medium=referral&utm_campaign=directory
SpredX,"Sarasota, FL",https://spredx.com/?utm_source=clutch.co&utm_medium=referral&utm_campaign=directory
"Deviate Labs, LLC","West Hollywood, CA",https://deviatelabs.com/?utm_source=clutch.co&utm_medium=referral&utm_campaign=directory
Propellic,"Austin, TX",https://propellic.com/?utm_source=clutch&utm_medium=directory&utm_campaign=listing
Motava,"San Francisco, CA",https://www.motava.com/?utm_source=clutch.co&utm_medium=referral&utm_campaign=agencies-digital-marketing
Coinbound,"New York, NY",https://coinbound.io/?utm_source=clutch.co&utm_medium=referral&utm_campaign=directory
WEBO Digital,"Perth, Australia",https://webo.digital/?utm_source=clutch.co&utm_medium=referral&utm_campaign=directory
Plaudit Design,"Saint Paul, MN",https://www.plaudit.com/?utm_source=clutch.co&utm_medium=referral
Falcon Marketing,"Los Angeles, CA",https://www.falconmarketing.com/?utm_source=clutch.co&utm_medium=referral
STRATEGIES,"Saint-Jean-sur-Richelieu, Canada",http://strategies.ca/en/?utm_source=clutch.co&utm_medium=referral
Momentic,"Milwaukee, WI",https://momenticmarketing.com/?utm_source=clutch.co&utm_medium=referral&utm_campaign=directory
EuroART93,"Sisak, Croatia",https://euroart93.hr/
Column Five,"Costa Mesa, CA",https://www.columnfivemedia.com/?utm_source=clutch&utm_medium=referral&utm_campaign=profile
TopSpot Internet Marketing,"Houston, TX",https://www.topspot.com/?utm_source=clutch.co&utm_medium=referral&utm_campaign=directory
Human,"Irvine, CA",https://human.marketing/?utm_source=clutch.co&utm_medium=referral&utm_campaign=directory
Embark,"Corona, CA",https://embarkwork.com/?utm_source=clutch.co&utm_medium=referral&utm_campaign=directory
Simple Truth,"Chicago, IL",https://yoursimpletruth.com/?utm_source=clutch.co&utm_medium=referral&utm_campaign=agencies-digital-marketing
Email Broadcast,"Seattle, WA",https://www.emailbroadcast.com/
The Social Nerds,"Allen, TX",https://thesocialnerds.com/?utm_source=clutch.co&utm_medium=referral&utm_campaign=directory
GreenMellen,"Marietta, GA",https://www.greenmellenmedia.com/
Consciously®,"Brooklyn, NY",http://consciouslyinc.com/?utm_source=clutch.co&utm_medium=referral&utm_campaign=directory
SWOT Digital Marketing Agency,"Dublin, Ireland",https://www.swotdigital.com/?utm_source=clutch.co&utm_medium=referral&utm_campaign=directory
"Gummicube, Inc.","San Jose, CA",https://www.gummicube.com/?utm_source=clutch.co&utm_medium=referral
CUT THRU,"Sydney, Australia",http://www.cutthru.agency/
Artios,"Richmond, United Kingdom",https://artios.io/contact-us/?utm_source=clutch.co&utm_medium=referral&utm_campaign=agencies-digital-marketing
PropeloMedia,"Walnut Creek, CA",https://propelomedia.com/?utm_source=clutch.co&utm_medium=referral&utm_campaign=directory
Media Matters Worldwide,"San Francisco, CA",http://www.mediamattersww.com/?utm_source=clutch.co&utm_medium=referral
Clicks and Clients,"Denver, CO",https://www.clicksandclients.com/?utm_source=clutch.co&utm_medium=referral&utm_campaign=directory
